{"cameraMode":{"drawMode":0,"name":"Shaded","section":"Shading Mode"},"sceneLighting":false,"audioPlay":false,"sceneViewState":{"m_AlwaysRefresh":false,"showFog":true,"showSkybox":false,"showFlares":true,"showImageEffects":true,"showParticleSystems":true,"showVisualEffectGraphs":true,"m_FxEnabled":true},"in2DMode":false,"pivot":{"x":-2.9002678394317629,"y":1.3899444341659547,"z":-1.1262965202331544},"rotation":{"x":0.0077516864985227589,"y":0.9926736950874329,"z":-0.06928486377000809,"w":0.09899607300758362},"size":0.8660253882408142,"orthographic":false}