{"cameraMode":{"drawMode":0,"name":"Shaded","section":"Shading Mode"},"sceneLighting":false,"audioPlay":false,"sceneViewState":{"m_AlwaysRefresh":false,"showFog":true,"showSkybox":false,"showFlares":true,"showImageEffects":true,"showParticleSystems":true,"showVisualEffectGraphs":true,"m_FxEnabled":true},"in2DMode":false,"pivot":{"x":-0.7900000214576721,"y":0.8939999938011169,"z":3.6500000953674318},"rotation":{"x":-0.23860757052898408,"y":-0.34251272678375246,"z":0.09037632495164871,"w":-0.9042154550552368},"size":0.9290989637374878,"orthographic":false}