{"cameraMode":{"drawMode":0,"name":"Shaded","section":"Shading Mode"},"sceneLighting":true,"audioPlay":false,"sceneViewState":{"m_AlwaysRefresh":false,"showFog":true,"showSkybox":true,"showFlares":true,"showImageEffects":true,"showParticleSystems":true,"showVisualEffectGraphs":true,"m_FxEnabled":true},"in2DMode":false,"pivot":{"x":2.072683572769165,"y":1.4968620538711548,"z":12.343879699707032},"rotation":{"x":0.08321567624807358,"y":0.9024182558059692,"z":-0.2022709846496582,"w":0.3712556064128876},"size":3.4880149364471437,"orthographic":false}