{"cameraMode":{"drawMode":0,"name":"Shaded","section":"Shading Mode"},"sceneLighting":true,"audioPlay":false,"sceneViewState":{"m_AlwaysRefresh":false,"showFog":true,"showSkybox":true,"showFlares":true,"showImageEffects":true,"showParticleSystems":true,"showVisualEffectGraphs":true,"m_FxEnabled":true},"in2DMode":false,"pivot":{"x":18.228473663330079,"y":16.849353790283204,"z":0.9141858220100403},"rotation":{"x":0.22176049649715424,"y":-0.6750026941299439,"z":0.22443832457065583,"w":0.6669506430625916},"size":2.572197914123535,"orthographic":false}