{"cameraMode":{"drawMode":0,"name":"Shaded","section":"Shading Mode"},"sceneLighting":false,"audioPlay":false,"sceneViewState":{"m_AlwaysRefresh":false,"showFog":false,"showSkybox":false,"showFlares":false,"showImageEffects":false,"showParticleSystems":false,"showVisualEffectGraphs":true,"m_FxEnabled":true},"in2DMode":false,"pivot":{"x":0.0501021146774292,"y":-0.8334536552429199,"z":-1.169840693473816},"rotation":{"x":0.004787328653037548,"y":-0.9804897308349609,"z":0.19518427550792695,"w":0.02413930557668209},"size":1.4584531784057618,"orthographic":false}